-- --------------------------------------------------------
-- Host:                         koreksoftware.tech
-- Server version:               10.5.12-MariaDB-cll-lve - MariaDB Server
-- Server OS:                    Linux
-- HeidiSQL Version:             11.3.0.6295
-- --------------------------------------------------------

/*!40101 SET @OLD_CHARACTER_SET_CLIENT=@@CHARACTER_SET_CLIENT */;
/*!40101 SET NAMES utf8 */;
/*!50503 SET NAMES utf8mb4 */;
/*!40014 SET @OLD_FOREIGN_KEY_CHECKS=@@FOREIGN_KEY_CHECKS, FOREIGN_KEY_CHECKS=0 */;
/*!40101 SET @OLD_SQL_MODE=@@SQL_MODE, SQL_MODE='NO_AUTO_VALUE_ON_ZERO' */;
/*!40111 SET @OLD_SQL_NOTES=@@SQL_NOTES, SQL_NOTES=0 */;

-- Dumping structure for table u367944650_18a3.tbl_file
CREATE TABLE IF NOT EXISTS `tbl_file` (
  `id_file` varchar(20) NOT NULL DEFAULT 'AUTO_INCREMENT',
  `nama_file` varchar(250) DEFAULT '-',
  `links` text DEFAULT '-',
  `waktu` datetime DEFAULT NULL,
  `episode` char(5) DEFAULT '0',
  `anime_id` varchar(50) DEFAULT '0',
  `website` varchar(50) DEFAULT '',
  `id_user` int(11) DEFAULT 0,
  `click_count` int(11) DEFAULT 0,
  `size` varchar(40) DEFAULT '0 MB',
  `publish` enum('Y','N') DEFAULT 'Y',
  `title` varchar(1000) DEFAULT '',
  `musim` varchar(100) DEFAULT '',
  PRIMARY KEY (`id_file`) USING BTREE
) ENGINE=InnoDB DEFAULT CHARSET=latin1;

-- Dumping data for table u367944650_18a3.tbl_file: ~127 rows (approximately)
DELETE FROM `tbl_file`;
/*!40000 ALTER TABLE `tbl_file` DISABLE KEYS */;
INSERT INTO `tbl_file` (`id_file`, `nama_file`, `links`, `waktu`, `episode`, `anime_id`, `website`, `id_user`, `click_count`, `size`, `publish`, `title`, `musim`) VALUES
	('6165d147e4753', '[KorekSubs] Ganbare Douki-chan - 01 [1080p HEVC].mkv', 'GoogleDrive#pembatas2#https://drive.google.com/file/d/1vEcdw__3U4t9ZTMpfqEPDGXVkLRGx8Iu/view?usp=sharing#pembatas1#', '2021-10-31 23:37:04', '01', '44977', '#', 4, 16, '31.65 MB', 'Y', '(GANBARE DOUKICHAN) (Ganbare, Douki-chan) ', '2021 Kuartal 4 (Fall)'),
	('6165d19209645', '[KorekSubs] Ganbare Douki-chan - 02 [1080p HEVC].mkv', 'GoogleDrive#pembatas2#https://drive.google.com/file/d/1UaYBOtHq6GMYGMYuKcziuAjBonhUdqQ2/view?usp=sharing#pembatas1#', '2021-10-31 23:37:33', '02', '44977', '#', 4, 16, '25.42 MB', 'Y', '(GANBARE DOUKICHAN) (Ganbare, Douki-chan) ', '2021 Kuartal 4 (Fall)'),
	('6165d1b145ef4', '[KorekSubs] Ganbare Douki-chan - 03 [1080p HEVC].mkv', 'GoogleDrive#pembatas2#https://drive.google.com/file/d/1KfPRfLXOBPF0Q2ydpsLqv1SZYqbtjKEO/view?usp=sharing#pembatas1#', '2021-10-31 23:37:58', '03', '44977', '#', 4, 21, '28.82 MB', 'Y', '(GANBARE DOUKICHAN) (Ganbare, Douki-chan) ', '2021 Kuartal 4 (Fall)'),
	('6165d1e9f366d', '[KorekSubs] Blue Period - S01E01 [1080p x265 10bits].mkv', 'GoogleDrive#pembatas2#https://drive.google.com/uc?id=102SaKqZBKZvUER5RO5-SCSHWo5r5bVDb&export=download#pembatas1#', '2021-10-14 22:27:48', '01', '43888', '#', 4, 17, '145.61 MB', 'Y', '(Blue Period) (Blue Period) (Periodo Azul) ', '2021 Kuartal 4 (Fall)'),
	('6165d2157992b', '[KorekSubs] Senpai ga Uzai Kouhai no Hanashi - 01 [1080p HEVC].mkv', 'GoogleDrive#pembatas2#https://drive.google.com/uc?id=1fRfgZ0X8ysmRTAWIIFk45_FtvkHL-U0F&export=download#pembatas1#', '2021-10-14 22:28:00', '01', '43313', '#', 4, 45, '150.87 MB', 'Y', '(My Senpai is Annoying) (Senpai ga Uzai Kouhai no Hanashi) ', '2021 Kuartal 4 (Fall)'),
	('6165d2360fe08', '[KorekSubs] Shuumatsu no Harem - 01 (AT-X 1280x720 x265 AAC).mkv', 'GoogleDrive#pembatas2#https://drive.google.com/uc?id=1Q3Vf5_wM70Qy6xr07LdC4Hq6bUANZgU9&export=download#pembatas1#', '2021-10-14 22:28:13', '01', '43198', '#', 4, 79, '132.87 MB', 'Y', '(World\'s End Harem) (Shuumatsu no Harem) ', '2022 Kuartal 1 (Winter)'),
	('6165d256b4804', '[KorekSubs] Takt Op. Destiny - 01 [1080p HEVC].mkv', 'GoogleDrive#pembatas2#https://drive.google.com/uc?id=1qwKOZL4Hd5Rlmjizi7ZvX0f-zvIDkLUh&export=download#pembatas1#', '2021-10-14 22:28:20', '01', '44233', '#', 4, 62, '140.51 MB', 'Y', '(Takt Op. Destiny) ', '2021 Kuartal 4 (Fall)'),
	('61686dd5c25d4', '[KorekSubs] Blue Period - S01E02 [1080p x265].mkv', 'GoogleDrive#pembatas2#https://drive.google.com/file/d/1dW3bsWNNE6z309-j9RgqYwj2n9nDL67U/view?usp=sharing#pembatas1#', '2021-10-15 01:18:31', '02', '43888', '#', 4, 18, '122 MB', 'Y', '(Blue Period) (Blue Period) (Periodo Azul) ', '2021 Kuartal 4 (Fall)'),
	('61686e41c33fe', '[KorekSubs] Blue Period - S01E03 [1080p x265].mkv', 'GoogleDrive#pembatas2#https://drive.google.com/file/d/1X_SM5NpXS4RFvv7DC_m_UjkZ9543t-bk/view?usp=sharing#pembatas1#', '2021-10-15 01:23:16', '03', '43888', '#', 4, 16, '121 MB', 'Y', '(Blue Period) (Blue Period) (Periodo Azul) ', '2021 Kuartal 4 (Fall)'),
	('6168726c7637b', '[KorekSubs] Heike Monogatari - 01 [1080p HEVC].mkv', 'GoogleDrive#pembatas2#https://drive.google.com/file/d/19f7oNqtWLIG8N89Ja6bq1p4ExphqDSdt/view?usp=sharing#pembatas1#', '2021-10-15 01:09:48', '01', '45065', '#', 4, 9, '137 MB', 'Y', '(The Heike Story) (Heike Monogatari) ', '2021 Kuartal 4 (Fall)'),
	('61687337835bf', '[KorekSubs] Ganbare Douki-chan - 04 [1080p HEVC].mkv', 'GoogleDrive#pembatas2#https://drive.google.com/file/d/15dxiFhZCRGJJ-Tq50Y5Lb4TjlsksSkir/view?usp=sharing#pembatas1#', '2021-10-31 01:14:53', '04', '44977', '#', 4, 14, '32 MB', 'Y', '(GANBARE DOUKICHAN) (Ganbare, Douki-chan) ', '2021 Kuartal 4 (Fall)'),
	('616a69fc74baf', '[KorekSubs] Platinum End - 01 [1080p HEVC].mkv', 'GoogleDrive#pembatas2#https://drive.google.com/uc?id=1eTAEPtk_vUiZAZfdy9yQQDmmh2UxQt20&export=download#pembatas1#', '2021-10-16 12:58:20', '01', '43862', '#', 4, 34, '132 MB', 'Y', '(Platinum End) ', '2021 Kuartal 4 (Fall)'),
	('616a6a6181563', '[KorekSubs] Heike Monogatari - 02 [1080p HEVC].mkv', 'GoogleDrive#pembatas2#https://drive.google.com/uc?id=104hkkbnvLEGxaYotoAfHbUBjsq2Yr_Y3&export=download#pembatas1#', '2021-10-16 13:00:01', '02', '45065', '#', 4, 10, '138.86 MB', 'Y', '(The Heike Story) (Heike Monogatari) ', '2021 Kuartal 4 (Fall)'),
	('616a6a9066c0e', '[KorekSubs] Heike Monogatari - 03 [1080p HEVC].mkv', 'GoogleDrive#pembatas2#https://drive.google.com/uc?id=1X-s8PCmstCk87oeLMwEFsAUaaxyXSQUC&export=download#pembatas1#', '2021-10-16 13:00:48', '03', '45065', '#', 4, 10, '137.88 MB', 'Y', '(The Heike Story) (Heike Monogatari) ', '2021 Kuartal 4 (Fall)'),
	('616a6ad6c0078', '[KorekSubs] Heike Monogatari - 04 [1080p HEVC].mkv', 'GoogleDrive#pembatas2#https://drive.google.com/uc?id=1xJTQ3cgpIzzfptkGZx2LpxZnTjhfKJIB&export=download#pembatas1#', '2021-10-16 13:01:58', '04', '45065', '#', 4, 9, '143.99 MB', 'Y', '(The Heike Story) (Heike Monogatari) ', '2021 Kuartal 4 (Fall)'),
	('616b16de47549', '[KorekSubs] Sakugan - 01 [1080p HEVC].mkv', 'GoogleDrive#pembatas2#https://drive.google.com/file/d/1ztHTqE0Ifj_PLTvpqh0-BPMkNqezlnMV/view?usp=sharing#pembatas1#', '2021-10-17 01:15:58', '01', '42077', '#', 4, 28, '139.7 MB', 'Y', '(Sakugan!!) ', '2021 Kuartal 4 (Fall)'),
	('616b180cb931c', '[KorekSubs] Shin no Nakama - 01 [1080p HEVC].mkv', 'GoogleDrive#pembatas2#https://drive.google.com/file/d/1SlJbjvbuke22ENJjKZhqaQUV2yxxDG2G/view?usp=sharing#pembatas1#', '2021-10-17 01:21:00', '01', '44167', '#', 4, 74, '144.5 MB', 'Y', '(Banished from the Hero\'s Party, I Decided to Live a Quiet Life in the Countryside) (Shin no Nakama ja Nai to Yuusha no Party wo Oidasareta node, Henkyou de Slow Life suru Koto ni Shima) ', '2021 Kuartal 4 (Fall)'),
	('61705e8a08f2e', '[KorekSubs] Komi-san wa, Comyushou desu. - 01 [1080p HEVC].mkv', 'GoogleDrive#pembatas2#https://drive.google.com/file/d/1j_9PhAdN3XimGEjDfguUx535l_OQrVz8/view?usp=sharing#pembatas1#', '2021-10-21 01:23:06', '01', '44551', '#', 4, 97, '143.5 MB', 'Y', '(Komi Can’t Communicate) (Komi-san wa, Komyushou desu.) ', '2021 Kuartal 4 (Fall)'),
	('61705ed5a0044', '[KorekSubs] Komi-san wa, Comyushou desu. - 02 [1080p HEVC].mkv', 'GoogleDrive#pembatas2#https://drive.google.com/file/d/1lgURNn5Nu-M0caD-FLPHL_rGO3Zg4yTF/view?usp=sharing#pembatas1#', '2021-10-21 01:24:21', '02', '44551', '#', 4, 82, '121.4 MB', 'Y', '(Komi Can’t Communicate) (Komi-san wa, Komyushou desu.) ', '2021 Kuartal 4 (Fall)'),
	('61705f564a9fa', '[KorekSubs] Heike Monogatari - 05 [1080p HEVC].mkv', 'GoogleDrive#pembatas2#https://drive.google.com/uc?id=1Ko57ur_MigU8xBXCDaWF7a5mHMnbFhto&export=download#pembatas1#', '2021-10-21 01:26:30', '05', '45065', '#', 4, 18, '157.38 MB', 'Y', '(The Heike Story) (Heike Monogatari) ', '2021 Kuartal 4 (Fall)'),
	('61705fce3459b', '[KorekSubs] Takt Op. Destiny - 02 [1080p HEVC].mkv', 'GoogleDrive#pembatas2#https://drive.google.com/uc?id=1aP7GMtqwvkpjqvWy6JRPjckXRWjE1I2Z&export=download#pembatas1#', '2021-10-21 01:28:30', '02', '44233', '#', 4, 22, '158.76 MB', 'Y', '(Takt Op. Destiny) ', '2021 Kuartal 4 (Fall)'),
	('6171aaaf4772a', '[KorekSubs] Platinum End - 02 [1080p HEVC].mkv', 'GoogleDrive#pembatas2#https://drive.google.com/uc?id=1k4H8sHsj7JdDKRQjFVHZ_x-SQM2miq10&export=download#pembatas1#', '2021-10-22 01:00:15', '02', '43862', '#', 4, 22, '135.21 MB', 'Y', '(Platinum End) ', '2021 Kuartal 4 (Fall)'),
	('6171aad34983e', '[KorekSubs] Sakugan - 02 [1080p HEVC].mkv', 'GoogleDrive#pembatas2#https://drive.google.com/uc?id=1b0OxLboX_4EmFKXr0Lw_bcB4VdpHgwh7&export=download#pembatas1#', '2021-10-22 01:00:51', '02', '42077', '#', 4, 18, '165.11 MB', 'Y', '(Sakugan!!) ', '2021 Kuartal 4 (Fall)'),
	('6171aafd64438', '[KorekSubs] Shin no Nakama - 02 [1080p HEVC].mkv', 'GoogleDrive#pembatas2#https://drive.google.com/uc?id=11ePb7B__NVR0fLhALtdQtmStLzu4nfnC&export=download#pembatas1#', '2021-10-22 01:01:33', '02', '44167', '#', 4, 46, '147.11 MB', 'Y', '(Banished from the Hero\'s Party, I Decided to Live a Quiet Life in the Countryside) (Shin no Nakama ja Nai to Yuusha no Party wo Oidasareta node, Henkyou de Slow Life suru Koto ni Shima) ', '2021 Kuartal 4 (Fall)'),
	('617300d03c13f', '[KorekSubs] Blue Period - S01E04 [1080p x265].mkv', 'GoogleDrive#pembatas2#https://drive.google.com/uc?id=1Z_XnYYF2K3O9fLVO79qGvenlyFTwGrtD&export=download#pembatas1#', '2021-10-23 01:20:00', '04', '43888', '#', 4, 33, '136.86 MB', 'Y', '(Blue Period) (Blue Period) (Periodo Azul) ', '2021 Kuartal 4 (Fall)'),
	('617300f91f43a', '[KorekSubs] Senpai ga Uzai Kouhai no Hanashi - 02 [1080p HEVC].mkv', 'GoogleDrive#pembatas2#https://drive.google.com/uc?id=1oDjFyCwjAyLkZHqgcFVz8LHy6nTIFMze&export=download#pembatas1#', '2021-10-23 01:20:41', '02', '43313', '#', 4, 37, '118.26 MB', 'Y', '(My Senpai is Annoying) (Senpai ga Uzai Kouhai no Hanashi) ', '2021 Kuartal 4 (Fall)'),
	('6173013aeb32b', '[KorekSubs] Heike Monogatari - 06 [1080p HEVC].mkv', 'GoogleDrive#pembatas2#https://drive.google.com/uc?id=1guVaU-mEgJBMpuuS-HyhXHJFCodlW79N&export=download#pembatas1#', '2021-10-23 01:21:46', '06', '45065', '#', 4, 25, '112.05 MB', 'Y', '(The Heike Story) (Heike Monogatari) ', '2021 Kuartal 4 (Fall)'),
	('617301777914e', '[KorekSubs] Ganbare Douki-chan - 05 [1080p HEVC].mkv', 'GoogleDrive#pembatas2#https://drive.google.com/file/d/1YPFEDhlI2eBKkY8ZJzvB_dYwWZV2JCfA/view?usp=sharing#pembatas1#', '2021-10-31 23:38:13', '05', '44977', '#', 4, 42, '29.24 MB', 'Y', '(GANBARE DOUKICHAN) (Ganbare, Douki-chan) ', '2021 Kuartal 4 (Fall)'),
	('6175a4d2ba186', '[KorekSubs] Shin no Nakama - 03 [1080p HEVC].mkv', 'GoogleDrive#pembatas2#https://drive.google.com/uc?id=15MrnRBoe6AwRHTvA9dlwqKF_vu-t2es2&export=download#pembatas1#', '2021-10-25 01:24:18', '03', '44167', '#', 4, 59, '116.5 MB', 'Y', '(Banished from the Hero\'s Party, I Decided to Live a Quiet Life in the Countryside) (Shin no Nakama ja Nai to Yuusha no Party wo Oidasareta node, Henkyou de Slow Life suru Koto ni Shima) ', '2021 Kuartal 4 (Fall)'),
	('6175a50c631d1', '[KorekSubs] Senpai ga Uzai Kouhai no Hanashi - 03 [1080p HEVC].mkv', 'GoogleDrive#pembatas2#https://drive.google.com/uc?id=1q72mgN28Sq4WLY4HZHNtfxWFRRUooYKQ&export=download#pembatas1#', '2021-10-25 01:25:16', '03', '43313', '#', 4, 25, '132.55 MB', 'Y', '(My Senpai is Annoying) (Senpai ga Uzai Kouhai no Hanashi) ', '2021 Kuartal 4 (Fall)'),
	('6175a53fa6992', '[KorekSubs] Sakugan - 03 [1080p HEVC].mkv', 'GoogleDrive#pembatas2#https://drive.google.com/uc?id=1V_gLHKLrgRxboyhCVo7APwg9SMyfcUc7&export=download#pembatas1#', '2021-10-25 01:26:07', '03', '42077', '#', 4, 15, '153.11 MB', 'Y', '(Sakugan!!) ', '2021 Kuartal 4 (Fall)'),
	('6175a578136f2', '[KorekSubs] Blue Period - S01E05 [1080p x265].mkv', 'GoogleDrive#pembatas2#https://drive.google.com/uc?id=1y42BeMKdBIgWloTqd-jnOsj2kGkmcBlT&export=download#pembatas1#', '2021-10-25 01:27:04', '05', '43888', '#', 4, 23, '103.84 MB', 'Y', '(Blue Period) (Blue Period) (Periodo Azul) ', '2021 Kuartal 4 (Fall)'),
	('6175a59d6269a', '[KorekSubs] Platinum End - 03 [1080p HEVC].mkv', 'GoogleDrive#pembatas2#https://drive.google.com/uc?id=1yAZ8O3toGB29Xqu-eWCHMXXr60RNQknD&export=download#pembatas1#', '2021-10-25 01:27:41', '03', '43862', '#', 4, 16, '123.92 MB', 'Y', '(Platinum End) ', '2021 Kuartal 4 (Fall)'),
	('6175a600aa9c2', '[KorekSubs] Takt Op. Destiny - 03 [1080p HEVC].mkv', 'GoogleDrive#pembatas2#https://drive.google.com/uc?id=1vf6blG_A0R-AOiZ2WBp0Ca7_UcoXQoNk&export=download#pembatas1#', '2021-10-25 01:29:20', '03', '44233', '#', 4, 31, '155.8 MB', 'Y', '(Takt Op. Destiny) ', '2021 Kuartal 4 (Fall)'),
	('6176bd441d9e8', '[KorekSubs] Komi-san wa, Comyushou desu. - 03 [1080p HEVC].mkv', 'GoogleDrive#pembatas2#https://drive.google.com/uc?id=1h423KYvj3nFO2wIPTsbPXT6nyoN6ocon&export=download#pembatas1#', '2021-10-25 21:20:52', '03', '44551', '#', 4, 86, '146.56 MB', 'Y', '(Komi Can’t Communicate) (Komi-san wa, Komyushou desu.) ', '2021 Kuartal 4 (Fall)'),
	('6176bda913d99', '[KorekSubs] Ganbare Douki-chan - 06 [1080p HEVC].mkv', 'GoogleDrive#pembatas2#https://drive.google.com/file/d/1srnfu4aP0366aeGg6KO9YQD9BFoepV65/view?usp=sharing#pembatas1#', '2021-10-31 23:38:53', '06', '44977', '#', 4, 36, '19.44 MB', 'Y', '(GANBARE DOUKICHAN) (Ganbare, Douki-chan) ', '2021 Kuartal 4 (Fall)'),
	('6179521c9ef02', '[KorekSubs] Takt Op. Destiny - 04 [1080p HEVC].mkv', 'GoogleDrive#pembatas2#https://drive.google.com/file/d/1CTs6r3WkMpLWIORA_PeOUCnlRTIGDu1c/view?usp=sharing#pembatas1#', '2021-10-27 20:20:28', '04', '44233', '#', 4, 45, '177.4 MB', 'Y', '(Takt Op. Destiny) ', '2021 Kuartal 4 (Fall)'),
	('617ade5aeea53', '[KorekSubs] Shin no Nakama - 04 [1080p HEVC].mkv', 'GoogleDrive#pembatas2#https://drive.google.com/file/d/13MPOGzvB5gHCNe4aByXm2AgdMaNR7NGz/view?usp=sharing#pembatas1#', '2021-10-29 00:31:06', '04', '44167', '#', 4, 67, '96.6 MB', 'Y', '(Banished from the Hero\'s Party, I Decided to Live a Quiet Life in the Countryside) (Shin no Nakama ja Nai to Yuusha no Party wo Oidasareta node, Henkyou de Slow Life suru Koto ni Shima) ', '2021 Kuartal 4 (Fall)'),
	('617d517b7577d', '[KorekSubs] Heike Monogatari - 07 [1080p HEVC].mkv', 'GoogleDrive#pembatas2#https://drive.google.com/file/d/1R4eJszBgVCp9PdxL-AZ30cYDvfiUGqUF/view?usp=sharing#pembatas1#', '2021-10-30 21:06:51', '07', '45065', '#', 4, 29, '125 MB', 'Y', '(The Heike Story) (Heike Monogatari) ', '2021 Kuartal 4 (Fall)'),
	('617d826e8564a', '[KorekSubs] Sakugan - 04 [1080p HEVC].mkv', 'GoogleDrive#pembatas2#https://drive.google.com/file/d/1dntOOGAZ7rFxon8HH8l7wFcY-z9QKkZN/view?usp=sharing#pembatas1#', '2021-10-31 00:35:42', '04', '42077', '#', 4, 19, '187.4 MB', 'Y', '(Sakugan!!) ', '2021 Kuartal 4 (Fall)'),
	('617ec2d164d12', '[KorekSubs] Platinum End - 04 [1080p HEVC 10bit].mkv', 'GoogleDrive#pembatas2#https://drive.google.com/file/d/1u4ohIpgYghSFxnqlVf0PDEt5ph1ZGpDB/view?usp=sharing#pembatas1#', '2021-10-31 23:22:41', '04', '43862', '#', 4, 19, '160 MB', 'Y', '(Platinum End) ', '2021 Kuartal 4 (Fall)'),
	('617ec32f4ad53', '[KorekSubs] Blue Period - S01E06 [1080p x265 10bit].mkv', 'GoogleDrive#pembatas2#https://drive.google.com/file/d/18QZiVvHwM3n4GhNHOZ4bXE1zJroApSJw/view?usp=sharing#pembatas1#', '2021-10-31 23:24:15', '06', '43888', '#', 4, 55, '83 MB', 'Y', '(Blue Period) (Blue Period) (Periodo Azul) ', '2021 Kuartal 4 (Fall)'),
	('617ec36963052', '[KorekSubs] Senpai ga Uzai Kouhai no Hanashi - 04 [1080p HEVC 10bit].mkv', 'GoogleDrive#pembatas2#https://drive.google.com/file/d/1mMMiPq5gy12E_3ii-3QTJBZBzs_XBx1I/view?usp=sharing#pembatas1#', '2021-10-31 23:25:13', '04', '43313', '#', 4, 49, '101 MB', 'Y', '(My Senpai is Annoying) (Senpai ga Uzai Kouhai no Hanashi) ', '2021 Kuartal 4 (Fall)'),
	('617fdba84cd58', '[KorekSubs] Komi-san wa, Comyushou desu. - 04 [1080p HEVC 10bit].mkv', 'GoogleDrive#pembatas2#https://drive.google.com/file/d/1VUJrGhdIbTdQHvbVTRY-hs1_6iA8jp_J/view?usp=sharing#pembatas1#', '2021-11-01 19:20:56', '04', '44551', '#', 4, 94, '131 MB', 'Y', '(Komi Can’t Communicate) (Komi-san wa, Komyushou desu.) ', '2021 Kuartal 4 (Fall)'),
	('6180e73fed2b4', '[KorekSubs] Ganbare Douki-chan - 07 [1080p HEVC 10bit].mkv', 'GoogleDrive#pembatas2#https://drive.google.com/file/d/17g47piUggeDo1YPlwABmtjQFNvDQ0oJX/view?usp=sharing#pembatas1#', '2021-11-02 14:22:39', '07', '44977', '#', 4, 31, '13 MB', 'Y', '(GANBARE DOUKICHAN) (Ganbare, Douki-chan) ', '2021 Kuartal 4 (Fall)'),
	('618243be73fed', '[KorekSubs] Takt Op. Destiny - 05 [1080p HEVC 10bit].mkv', 'GoogleDrive#pembatas2#https://drive.google.com/file/d/1KXV5vUal-QDDtd6p5ZEQKAsdw4HGx_Tx/view?usp=sharing#pembatas1#', '2021-11-03 15:09:34', '05', '44233', '#', 4, 62, '171 MB', 'Y', '(Takt Op. Destiny) ', '2021 Kuartal 4 (Fall)'),
	('61858ad799d98', '[KorekSubs] Heike Monogatari - 08 [1080p HEVC 10bit].mkv', 'GoogleDrive#pembatas2#https://drive.google.com/file/d/1tt_EVW31JndL6alImuWIeVVTE-HtfZv8/view?usp=sharing#pembatas1#', '2021-11-06 02:49:43', '08', '45065', '#', 4, 31, '108 MB', 'Y', '(The Heike Story) (Heike Monogatari) ', '2021 Kuartal 4 (Fall)'),
	('61858b1bae5b3', '[KorekSubs] Sakugan - 05 [1080p HEVC 10bit].mkv', 'GoogleDrive#pembatas2#https://drive.google.com/file/d/17gGkvVjvyxKOgq6XMgyPyyi4h2yD_ycC/view?usp=sharing#pembatas1#', '2021-11-06 02:50:51', '05', '42077', '#', 4, 14, '172 MB', 'Y', '(Sakugan!!) ', '2021 Kuartal 4 (Fall)'),
	('61858b6e8ec6f', '[KorekSubs] Shin no Nakama - 05 [1080p HEVC 10bit].mkv', 'GoogleDrive#pembatas2#https://drive.google.com/file/d/1HlqPiaeffH9G1YrCkgIpbWWKUp6_ZVvr/view?usp=sharing#pembatas1#', '2021-11-06 02:52:14', '05', '44167', '#', 4, 59, '116 MB', 'Y', '(Banished from the Hero\'s Party, I Decided to Live a Quiet Life in the Countryside) (Shin no Nakama ja Nai to Yuusha no Party wo Oidasareta node, Henkyou de Slow Life suru Koto ni Shima) ', '2021 Kuartal 4 (Fall)'),
	('618667b936be2', '[KorekSubs] Komi-san wa, Comyushou desu. - 05 [1080p HEVC 10bit].mkv', 'GoogleDrive#pembatas2#https://drive.google.com/file/d/1BW44miX4EPtVfmOE0Rsqase9FqJSmFhi/view?usp=sharing#pembatas1#', '2021-11-06 18:32:09', '05', '44551', '#', 4, 103, '141 MB', 'Y', '(Komi Can’t Communicate) (Komi-san wa, Komyushou desu.) ', '2021 Kuartal 4 (Fall)'),
	('6190d57627718', '[KorekSubs] Blue Period - S01E07 [1080p x265 10bits].mkv', 'GoogleDrive#pembatas2#https://drive.google.com/file/d/1yFOKoctv0rlPRiGLTbBNctpD8t-zZ0uO/view?usp=sharing#pembatas1#', '2021-11-14 16:23:02', '07', '43888', '#', 4, 24, '84 MB', 'Y', '(Blue Period) (Blue Period) (Periodo Azul) ', '2021 Kuartal 4 (Fall)'),
	('6190d5ba9c6e3', '[KorekSubs] Komi-san wa, Comyushou desu. - 06 [1080p HEVC 10bit].mkv', 'GoogleDrive#pembatas2#https://drive.google.com/file/d/1qR6XFxMDsU8qXrHwExVi30DNbMiruIAc/view?usp=sharing#pembatas1#', '2021-11-14 16:24:10', '06', '44551', '#', 4, 137, '134 MB', 'Y', '(Komi Can’t Communicate) (Komi-san wa, Komyushou desu.) ', '2021 Kuartal 4 (Fall)'),
	('61994cc9add47', '[KorekSubs] Takt Op. Destiny - 06 [1080p HEVC 10bit]', 'GoogleDrive#pembatas2#https://drive.google.com/file/d/1ovvocN3ThrLCjivWwNVWMOu7_99W4uGP/view?usp=sharing#pembatas1#', '2021-11-21 02:30:37', '06', '44233', '#', 4, 16, '112 MB', 'Y', '(Takt Op. Destiny) ', '2021 Kuartal 4 (Fall)'),
	('61994d0c12ac1', '[KorekSubs] Takt Op. Destiny - 07 [1080p HEVC 10bit].mkv', 'GoogleDrive#pembatas2#https://drive.google.com/file/d/1cnVK-uYxa0dMuk2K7QiIOK95RzIhO3ga/view?usp=sharing#pembatas1#', '2021-11-21 02:31:24', '07', '44233', '#', 4, 18, '118 MB', 'Y', '(Takt Op. Destiny) ', '2021 Kuartal 4 (Fall)'),
	('61994d624287e', '[KorekSubs] Shin no Nakama - 06  [1080p HEVC 10bit].mkv', 'GoogleDrive#pembatas2#https://drive.google.com/file/d/1LnYAL851DMJT27MkjuOVDxTVHOhxocHK/view?usp=sharing#pembatas1#', '2021-11-21 02:32:50', '06', '44167', '#', 4, 38, '114 MB', 'Y', '(Banished from the Hero\'s Party, I Decided to Live a Quiet Life in the Countryside) (Shin no Nakama ja Nai to Yuusha no Party wo Oidasareta node, Henkyou de Slow Life suru Koto ni Shima) ', '2021 Kuartal 4 (Fall)'),
	('61994d83c605d', '[KorekSubs] Shin no Nakama - 07  [1080p HEVC 10bit].mkv', 'GoogleDrive#pembatas2#https://drive.google.com/file/d/1KuLslUVMJJXmyqQjTCBOtfdllQx9_gbn/view?usp=sharing#pembatas1#', '2021-11-21 02:33:23', '07', '44167', '#', 4, 57, '129 MB', 'Y', '(Banished from the Hero\'s Party, I Decided to Live a Quiet Life in the Countryside) (Shin no Nakama ja Nai to Yuusha no Party wo Oidasareta node, Henkyou de Slow Life suru Koto ni Shima) ', '2021 Kuartal 4 (Fall)'),
	('61994dc63d513', '[KorekSubs] Senpai ga Uzai Kouhai no Hanashi - 05 [1080p HEVC 10bit].mkv', 'GoogleDrive#pembatas2#https://drive.google.com/file/d/1t4zP_qOJbqbizOa24eDXZ-HpOnuYW0Px/view?usp=sharing#pembatas1#', '2021-11-21 02:34:30', '05', '43313', '#', 4, 26, '85 MB', 'Y', '(My Senpai is Annoying) (Senpai ga Uzai Kouhai no Hanashi) ', '2021 Kuartal 4 (Fall)'),
	('61994df9b61c5', '[KorekSubs] Senpai ga Uzai Kouhai no Hanashi - 06 [1080p HEVC 10bit].mkv', 'GoogleDrive#pembatas2#https://drive.google.com/file/d/1pxUMxMcjJ9YJWOAmsXyZFVWF_QB6Uc80/view?usp=sharing#pembatas1#', '2021-11-21 02:35:21', '06', '43313', '#', 4, 19, '114 MB', 'Y', '(My Senpai is Annoying) (Senpai ga Uzai Kouhai no Hanashi) ', '2021 Kuartal 4 (Fall)'),
	('61994e3f14c41', '[KorekSubs] Sakugan - 06  [1080p HEVC 10bit].mkv', 'GoogleDrive#pembatas2#https://drive.google.com/file/d/1i41sIHDipPFMXdY6eoiO4Aq2ed570uz-/view?usp=sharing#pembatas1#', '2021-11-21 02:36:31', '06', '42077', '#', 4, 14, '151 MB', 'Y', '(Sakugan!!) ', '2021 Kuartal 4 (Fall)'),
	('61994e71e30c4', '[KorekSubs] Sakugan - 07  [1080p HEVC 10bit].mkv', 'GoogleDrive#pembatas2#https://drive.google.com/file/d/1Ytv-cIo0UUw_IPB7K7inAWE5Vtf8o2ik/view?usp=sharing#pembatas1#', '2021-11-21 02:37:21', '07', '42077', '#', 4, 13, '197 MB', 'Y', '(Sakugan!!) ', '2021 Kuartal 4 (Fall)'),
	('6199526f93983', '[KorekSubs] Platinum End - 05  [1080p HEVC 10bit].mkv', 'GoogleDrive#pembatas2#https://drive.google.com/file/d/1Q0dSj6pNWkw3YT84rX-nF20x8X5D_-pu/view?usp=sharing#pembatas1#', '2021-11-21 02:54:23', '05', '43862', '#', 4, 14, '128 MB', 'Y', '(Platinum End) ', '2021 Kuartal 4 (Fall)'),
	('61995290dc6b1', '[KorekSubs] Platinum End - 06 [1080p HEVC 10bit].mkv', 'GoogleDrive#pembatas2#https://drive.google.com/file/d/1-yvKDDxqKFH0Qj_EQE-qqZSNdvvFRbYA/view?usp=sharing#pembatas1#', '2021-11-21 02:54:56', '06', '43862', '#', 4, 14, '144 MB', 'Y', '(Platinum End) ', '2021 Kuartal 4 (Fall)'),
	('619952aff16e9', '[KorekSubs] Platinum End - 07 [1080p HEVC 10bit].mkv', 'GoogleDrive#pembatas2#https://drive.google.com/file/d/1tBBW14TDSZdWksm2OAdYuQgh_mMyF5vt/view?usp=sharing#pembatas1#', '2021-11-21 02:55:27', '07', '43862', '#', 4, 13, '256 MB', 'Y', '(Platinum End) ', '2021 Kuartal 4 (Fall)'),
	('61995355919e8', '[KorekSubs] Heike Monogatari - 09  [1080p HEVC 10bit].mkv', 'GoogleDrive#pembatas2#https://drive.google.com/file/d/18RTGrlwSBpkLcBxm4045q1rVfdo_GUQI/view?usp=sharing#pembatas1#', '2021-11-21 02:58:13', '09', '45065', '#', 4, 18, '121 MB', 'Y', '(The Heike Story) (Heike Monogatari) ', '2021 Kuartal 4 (Fall)'),
	('6199537a3a0b0', '[KorekSubs] Heike Monogatari - 10  [1080p HEVC 10bit].mkv', 'GoogleDrive#pembatas2#https://drive.google.com/file/d/1-c1x5bpylBVjMg5A-38oBXkCq-8xwa5l/view?usp=sharing#pembatas1#', '2021-11-21 02:58:50', '10', '45065', '#', 4, 21, '118 MB', 'Y', '(The Heike Story) (Heike Monogatari) ', '2021 Kuartal 4 (Fall)'),
	('619953c15a902', '[KorekSubs] Ganbare Douki-chan - 08 [1080p HEVC 10bit].mkv', 'GoogleDrive#pembatas2#https://drive.google.com/file/d/1KSa6UiU6qMG1rdW0tECEXbinNxvqv-CK/view?usp=sharing#pembatas1#', '2021-11-21 03:00:01', '08', '44977', '#', 4, 13, '24 MB', 'Y', '(GANBARE DOUKICHAN) (Ganbare, Douki-chan) ', '2021 Kuartal 4 (Fall)'),
	('619953e69ab61', '[KorekSubs] Ganbare Douki-chan - 09 [1080p HEVC 10bit].mkv', 'GoogleDrive#pembatas2#https://drive.google.com/file/d/1FaseCluGhgirhF7JnbDv0Wv_QuNMn7Yb/view?usp=sharing#pembatas1#', '2021-11-21 03:00:38', '09', '44977', '#', 4, 12, '14 MB', 'Y', '(GANBARE DOUKICHAN) (Ganbare, Douki-chan) ', '2021 Kuartal 4 (Fall)'),
	('619954581e552', '[KorekSubs] Blade Runner - Black Lotus - 01  [1080p HEVC 10bit].mkv', 'GoogleDrive#pembatas2#https://drive.google.com/file/d/1ccA08BsoyyaV_Ww7U5G_9L4NhjFthCu0/view?usp=sharing#pembatas1#', '2021-11-21 03:02:32', '01', '41998', '#', 4, 24, '95 MB', 'Y', '(Blade Runner: Black Lotus) ', '2021 Kuartal 4 (Fall)'),
	('619954837130b', '[KorekSubs] Blade Runner - Black Lotus - 02  [1080p HEVC 10bit].mkv', 'GoogleDrive#pembatas2#https://drive.google.com/file/d/1BLuwy1uebObRplMqiFZwtE67aPlhWyMa/view?usp=sharing#pembatas1#', '2021-11-21 03:03:15', '02', '41998', '#', 4, 18, '140 MB', 'Y', '(Blade Runner: Black Lotus) ', '2021 Kuartal 4 (Fall)'),
	('619954b723893', '[KorekSubs] Blue Period - S01E08 [1080p x265 10bits].mkv', 'GoogleDrive#pembatas2#https://drive.google.com/file/d/1jk_uNi13-mqXqj2GMjwvAOK7MV8bBjoD/view?usp=sharing#pembatas1#', '2021-11-21 03:04:07', '08', '43888', '#', 4, 38, '88 MB', 'Y', '(Blue Period) (Blue Period) (Periodo Azul) ', '2021 Kuartal 4 (Fall)'),
	('61995503ba92c', '[KorekSubs] Komi-san wa, Comyushou desu. - 07 [1080p HEVC 10bit].mkv', 'GoogleDrive#pembatas2#https://drive.google.com/file/d/1KYkXwyseUwDMzL7UddGDAFPYXvofq95f/view?usp=sharing#pembatas1#', '2021-11-21 03:05:23', '07', '44551', '#', 4, 107, '161 MB', 'Y', '(Komi Can’t Communicate) (Komi-san wa, Komyushou desu.) ', '2021 Kuartal 4 (Fall)'),
	('619a627260f23', '[KorekSubs] Blue Period - S01E09 [1080p x265 10bits].mkv', 'GoogleDrive#pembatas2#https://drive.google.com/file/d/1wQY5aUYT8jajwwS4WnxMIoe-dw-A3Z8O/view?usp=sharing#pembatas1#', '2021-11-21 22:14:58', '09', '43888', '#', 4, 46, '77 MB', 'Y', '(Blue Period) (Blue Period) (Periodo Azul) ', '2021 Kuartal 4 (Fall)'),
	('619a652a0cdaf', '[KorekSubs] Senpai ga Uzai Kouhai no Hanashi - 07 [1080p HEVC 10bits].mkv', 'GoogleDrive#pembatas2#https://drive.google.com/file/d/1ffzpX2A75ieZgksADk9XjYRfEnnd9Gse/view?usp=sharing#pembatas1#', '2021-11-21 22:26:34', '07', '43313', '#', 4, 41, '117 MB', 'Y', '(My Senpai is Annoying) (Senpai ga Uzai Kouhai no Hanashi) ', '2021 Kuartal 4 (Fall)'),
	('619d24cd38afd', '[KorekSubs] Blade Runner - Black Lotus - 03  [1080p HEVC 10bits].mkv', 'GoogleDrive#pembatas2#https://drive.google.com/file/d/1JkXUHpnRYk4lvlFqq8jA-NQFacEYuTEF/view?usp=sharing#pembatas1#', '2021-11-24 00:28:45', '03', '41998', '#', 4, 28, '88 MB', 'Y', '(Blade Runner: Black Lotus) ', '2021 Kuartal 4 (Fall)'),
	('61a9d8646b35e', '[KorekSubs] Takt Op. Destiny - 08 [1080p HEVC 10bits].mkv', 'GoogleDrive#pembatas2#https://drive.google.com/file/d/1L4iWzxXVhXffrdXRjBeWj4ynrBPqsDm7/view?usp=sharing#pembatas1#', '2021-12-03 15:42:12', '08', '44233', '#', 4, 15, '120 MB', 'Y', '(Takt Op. Destiny) ', '2021 Kuartal 4 (Fall)'),
	('61a9d87eb192b', '[KorekSubs] Takt Op. Destiny - 09 [1080p HEVC 10bits].mkv', 'GoogleDrive#pembatas2#https://drive.google.com/file/d/1rsjdMTCX7dIxoBpKeB97oIH9Wn4sUx3W/view?usp=sharing#pembatas1#', '2021-12-03 15:55:34', '09', '44233', '#', 4, 20, '133 MB', 'Y', '(Takt Op. Destiny) ', '2021 Kuartal 4 (Fall)'),
	('61a9d8dab4607', '[KorekSubs] Shin no Nakama - 08 [1080p HEVC 10bits].mkv', 'GoogleDrive#pembatas2#https://drive.google.com/file/d/1i4MZgv2kw00PmiBDrwQD0WLf8tIfsaKR/view?usp=sharing#pembatas1#', '2021-12-03 15:44:10', '08', '44167', '#', 4, 79, '102 MB', 'Y', '(Banished from the Hero\'s Party, I Decided to Live a Quiet Life in the Countryside) (Shin no Nakama ja Nai to Yuusha no Party wo Oidasareta node, Henkyou de Slow Life suru Koto ni Shima) ', '2021 Kuartal 4 (Fall)'),
	('61a9d8f10968d', '[KorekSubs] Shin no Nakama - 09 [1080p HEVC 10bits].mkv', 'GoogleDrive#pembatas2#https://drive.google.com/file/d/1ixk74QQSAcwLl6zmZbMrdJeJrf0NzaSF/view?usp=sharing#pembatas1#', '2021-12-03 15:44:33', '09', '44167', '#', 4, 94, '117 MB', 'Y', '(Banished from the Hero\'s Party, I Decided to Live a Quiet Life in the Countryside) (Shin no Nakama ja Nai to Yuusha no Party wo Oidasareta node, Henkyou de Slow Life suru Koto ni Shima) ', '2021 Kuartal 4 (Fall)'),
	('61a9d93c95887', '[KorekSubs] Blade Runner - Black Lotus - 04 [1080p HEVC 10bits].mkv', 'GoogleDrive#pembatas2#https://drive.google.com/file/d/1uPltfDbX2Oud2_93cak0jyCtLjGVi5I7/view?usp=sharing#pembatas1#', '2021-12-03 15:45:48', '04', '41998', '#', 4, 16, '96 MB', 'Y', '(Blade Runner: Black Lotus) ', '2021 Kuartal 4 (Fall)'),
	('61a9d99263556', '[KorekSubs] Ganbare Douki-chan - 10 [1080p HEVC 10bits].mkv', 'GoogleDrive#pembatas2#https://drive.google.com/file/d/1DDt--OyBaw0VGk7SISf6Oftj9vnsW9Qi/view?usp=sharing#pembatas1#', '2021-12-03 15:47:14', '10', '44977', '#', 4, 7, '16 MB', 'Y', '(GANBARE DOUKICHAN) (Ganbare, Douki-chan) ', '2021 Kuartal 4 (Fall)'),
	('61a9d9a4998b4', '[KorekSubs] Ganbare Douki-chan - 11 [1080p HEVC 10bits].mkv', 'GoogleDrive#pembatas2#https://drive.google.com/file/d/1Z04eXr9SQCtUq2zsY3exKaHqOIer5Tym/view?usp=sharing#pembatas1#', '2021-12-03 15:47:32', '11', '44977', '#', 4, 7, '16 MB', 'Y', '(GANBARE DOUKICHAN) (Ganbare, Douki-chan) ', '2021 Kuartal 4 (Fall)'),
	('61a9d9ece1349', '[KorekSubs] Heike Monogatari - 11 [1080p HEVC 10bits].mkv', 'GoogleDrive#pembatas2#https://drive.google.com/file/d/1CfcSXT5yYoB4ac2J3NJ1-7kqo3XNYECf/view?usp=sharing#pembatas1#', '2021-12-03 15:48:44', '11', '45065', '#', 4, 20, '130 MB', 'Y', '(The Heike Story) (Heike Monogatari) ', '2021 Kuartal 4 (Fall)'),
	('61a9da1ee9ee9', '[KorekSubs] Blue Period - S01E10 [1080p x265 10bits].mkv', 'GoogleDrive#pembatas2#https://drive.google.com/file/d/1VEV8P2lwSlXTiv5TeNkfoKtC1k5HSE6s/view?usp=sharing#pembatas1#', '2021-12-03 15:49:34', '10', '43888', '#', 4, 20, '89 MB', 'Y', '(Blue Period) (Blue Period) (Periodo Azul) ', '2021 Kuartal 4 (Fall)'),
	('61a9da7d6b2a0', '[KorekSubs] Komi-san wa, Comyushou desu. - 08 [1080p HEVC 10bit].mkv', 'GoogleDrive#pembatas2#https://drive.google.com/file/d/18VqD7LGMAtxwvAM8Ni735pGiDN2UZV03/view?usp=sharing#pembatas1#', '2021-12-03 15:51:09', '08', '44551', '#', 4, 64, '120 MB', 'Y', '(Komi Can’t Communicate) (Komi-san wa, Komyushou desu.) ', '2021 Kuartal 4 (Fall)'),
	('61a9dac90b231', '[KorekSubs] Senpai ga Uzai Kouhai no Hanashi - 08 [1080p HEVC 10bits].mkv', 'GoogleDrive#pembatas2#https://drive.google.com/file/d/1i6YxfvH-ffrGSsWadhvDPzGfL3M8Y0d9/view?usp=sharing#pembatas1#', '2021-12-03 15:52:25', '08', '43313', '#', 4, 25, '163 MB', 'Y', '(My Senpai is Annoying) (Senpai ga Uzai Kouhai no Hanashi) ', '2021 Kuartal 4 (Fall)'),
	('61a9dafd265bb', '[KorekSubs] Sakugan - 08 [1080p HEVC 10bits].mkv', 'GoogleDrive#pembatas2#https://drive.google.com/file/d/1z0jE20GssixpIF38SZ5dVzZy5EIb72mt/view?usp=sharing#pembatas1#', '2021-12-03 15:53:17', '08', '42077', '#', 4, 16, '104 MB', 'Y', '(Sakugan!!) ', '2021 Kuartal 4 (Fall)'),
	('61a9db20b4539', '[KorekSubs] Sakugan - 09 [1080p HEVC 10bits].mkv', 'GoogleDrive#pembatas2#https://drive.google.com/file/d/1BokHcrmD9ZmG8tbyp7WJeydOMBwo7QgY/view?usp=sharing#pembatas1#', '2021-12-03 15:53:52', '09', '42077', '#', 4, 19, '186 MB', 'Y', '(Sakugan!!) ', '2021 Kuartal 4 (Fall)'),
	('61aa620977113', '[KorekSubs] Platinum End - 08 [1080p HEVC 10bits].mkv', 'GoogleDrive#pembatas2#https://drive.google.com/file/d/1WLbtXLlmdTFBdLtcAoBc8i32TSU-V-MM/view?usp=sharing#pembatas1#', '2021-12-04 01:29:29', '08', '43862', '#', 4, 13, '111 MB', 'Y', '(Platinum End) ', '2021 Kuartal 4 (Fall)'),
	('61aa634c763ac', '[KorekSubs] Platinum End - 09 [1080p HEVC 10bits].mkv', 'GoogleDrive#pembatas2#https://drive.google.com/file/d/12KTUuUcfwlOWGhPEOWiKsVJuQ3CUlrDt/view?usp=sharing#pembatas1#', '2021-12-04 01:34:52', '09', '43862', '#', 4, 30, '140 MB', 'Y', '(Platinum End) ', '2021 Kuartal 4 (Fall)'),
	('61abca5889b1e', '[KorekSubs] Komi-san wa, Comyushou desu. - 09 [1080p HEVC 10bits].mkv', 'GoogleDrive#pembatas2#https://drive.google.com/file/d/1dZ8q_M0jjXyC0yZBRd1XE2rAMyLyPIBf/view?usp=sharing#pembatas1#', '2021-12-05 03:06:48', '09', '44551', '#', 4, 94, '155 MB', 'Y', '(Komi Can’t Communicate) (Komi-san wa, Komyushou desu.) ', '2021 Kuartal 4 (Fall)'),
	('61ad153062133', '[KorekSubs] Blue Period - S01E11 [1080p x265 10bits].mkv', 'GoogleDrive#pembatas2#https://drive.google.com/file/d/1F8_TkjRB1di5rCydwurVgkIPHRNhGZLW/view?usp=sharing#pembatas1#', '2021-12-06 02:38:24', '11', '43888', '#', 4, 47, '92 MB', 'Y', '(Blue Period) (Blue Period) (Periodo Azul) ', '2021 Kuartal 4 (Fall)'),
	('61ad155c3640f', '[KorekSubs] Senpai ga Uzai Kouhai no Hanashi - 09 [HEVC 1080p 10bits].mkv', 'GoogleDrive#pembatas2#https://drive.google.com/file/d/1RB8w_IFyROK0ZcqAfC1gjloh1ibCEV_I/view?usp=sharing#pembatas1#', '2021-12-06 02:39:08', '09', '43313', '#', 4, 70, '109 MB', 'Y', '(My Senpai is Annoying) (Senpai ga Uzai Kouhai no Hanashi) ', '2021 Kuartal 4 (Fall)'),
	('61af4dedbb366', '[KorekSubs] Blade Runner - Black Lotus - 05  [HEVC 1080p 10bits].mkv', 'GoogleDrive#pembatas2#https://drive.google.com/file/d/1PjSmCx1Huqdq0GgtnUn_umT6vygu-6BM/view?usp=sharing#pembatas1#', '2021-12-07 19:05:01', '05', '41998', '#', 4, 22, '64 MB', 'Y', '(Blade Runner: Black Lotus) ', '2021 Kuartal 4 (Fall)'),
	('61af7d7bddbc5', '[KorekSubs] Ganbare Douki-chan - 12 [1080p HEVC 10bits].mkv', 'GoogleDrive#pembatas2#https://drive.google.com/file/d/1uGe2utM9APLw7BpWIses_YwjHTn9cjaQ/view?usp=sharing#pembatas1#', '2021-12-07 22:27:55', '12', '44977', '#', 4, 11, '23 MB', 'Y', '(GANBARE DOUKICHAN) (Ganbare, Douki-chan) ', '2021 Kuartal 4 (Fall)'),
	('61b0a752e3967', '[KorekSubs] Takt Op. Destiny - 10 [1080p HEVC 10bits].mkv', 'GoogleDrive#pembatas2#https://drive.google.com/file/d/1uKlhkuphhGkJBnfPKR5J16E869SqwwJf/view?usp=sharing#pembatas1#', '2021-12-08 19:38:42', '10', '44233', '#', 4, 23, '117 MB', 'Y', '(Takt Op. Destiny) ', '2021 Kuartal 4 (Fall)'),
	('61b1ab5793991', '[KorekSubs] Shin no Nakama - 10 [1080p HEVC 10bits].mkv', 'GoogleDrive#pembatas2#https://drive.google.com/file/d/1PBAEaKiPxMeVxVslxvWfI8e-38CQ3XN5/view?usp=sharing#pembatas1#', '2021-12-09 14:08:07', '10', '44167', '#', 4, 92, '104 MB', 'Y', '(Banished from the Hero\'s Party, I Decided to Live a Quiet Life in the Countryside) (Shin no Nakama ja Nai to Yuusha no Party wo Oidasareta node, Henkyou de Slow Life suru Koto ni Shima) ', '2021 Kuartal 4 (Fall)'),
	('61b30d977aee6', '[KorekSubs] Sakugan - 10 [1080p HEVC 10bits].mkv', 'GoogleDrive#pembatas2#https://drive.google.com/file/d/1OGe4QQFT2gBftpsDiStvelhxvWjeVOtd/view?usp=sharing#pembatas1#', '2021-12-10 15:19:35', '10', '42077', '#', 4, 26, '170 MB', 'Y', '(Sakugan!!) ', '2021 Kuartal 4 (Fall)'),
	('61b63f19c9158', '[KorekSubs] Platinum End - 10 [HEVC 1080p 10bits].mkv', 'GoogleDrive#pembatas2#https://drive.google.com/file/d/1z3Q6JiNKuST35B431p-z62rxfHvKCQlM/view?usp=sharing#pembatas1#', '2021-12-13 01:27:37', '10', '43862', '#', 4, 49, '173 MB', 'Y', '(Platinum End) ', '2021 Kuartal 4 (Fall)'),
	('61b63f5958dba', '[KorekSubs] Blue Period - S01E12 [1080p x265 10bits].mkv', 'GoogleDrive#pembatas2#https://drive.google.com/file/d/1JzQNVHTsXiqVrwWzV3ONcT3hvk5Yu53S/view?usp=sharing#pembatas1#', '2021-12-13 01:28:41', '12', '43888', '#', 4, 46, '112 MB', 'Y', '(Blue Period) (Blue Period) (Periodo Azul) ', '2021 Kuartal 4 (Fall)'),
	('61b78f518f52e', '[KorekSubs] Senpai ga Uzai Kouhai no Hanashi - 10 [1080p HEVC 10bits].mkv', 'GoogleDrive#pembatas2#https://drive.google.com/file/d/11hG9qKRSggL53UfqjUH30wnzM_RpyKH9/view?usp=sharing#pembatas1#', '2021-12-14 01:22:09', '10', '43313', '#', 4, 65, '115 MB', 'Y', '(My Senpai is Annoying) (Senpai ga Uzai Kouhai no Hanashi) ', '2021 Kuartal 4 (Fall)'),
	('61c6259b4130f', '[KorekSubs] Blade Runner - Black Lotus - 06  [HEVC 1080p 10bits].mkv', 'GoogleDrive#pembatas2#https://drive.google.com/file/d/1wJxskr4-YKuaTpca5XPXwXbhnRFm2J7Y/view?usp=sharing#pembatas1#', '2021-12-25 02:55:07', '06', '41998', '#', 4, 16, '73 MB', 'Y', '(Blade Runner: Black Lotus) ', '2021 Kuartal 4 (Fall)'),
	('61c625cb6e942', '[KorekSubs] Blade Runner - Black Lotus - 07 [1080p HEVC 10bits].mkv', 'GoogleDrive#pembatas2#https://drive.google.com/file/d/187TkIOUsRUVZ3prOg4f-PaQ9fXDMEp7u/view?usp=sharing#pembatas1#', '2021-12-25 02:55:55', '07', '41998', '#', 4, 23, '70 MB', 'Y', '(Blade Runner: Black Lotus) ', '2021 Kuartal 4 (Fall)'),
	('61c62623deca2', '[KorekSubs] Komi-san wa, Comyushou desu. - 10 [1080p HEVC 10bit].mkv', 'GoogleDrive#pembatas2#https://drive.google.com/file/d/1ZMBuPzpkYMhXNKeLaVzLunPbtS8vby9B/view?usp=sharing#pembatas1#', '2021-12-25 02:57:23', '10', '44551', '#', 4, 48, '166 MB', 'Y', '(Komi Can’t Communicate) (Komi-san wa, Komyushou desu.) ', '2021 Kuartal 4 (Fall)'),
	('61c6264bf1139', '[KorekSubs] Komi-san wa, Comyushou desu. - 11 [1080p HEVC 10bits].mkv', 'GoogleDrive#pembatas2#https://drive.google.com/file/d/1eT7WYbjHMTCudACykp_wKeD-eLHGtq5S/view?usp=sharing#pembatas1#', '2021-12-25 02:58:03', '11', '44551', '#', 4, 58, '131 MB', 'Y', '(Komi Can’t Communicate) (Komi-san wa, Komyushou desu.) ', '2021 Kuartal 4 (Fall)'),
	('61c62694c9b29', '[KorekSubs] Takt Op. Destiny - 11 [1080p HEVC 10bit].mkv', 'GoogleDrive#pembatas2#https://drive.google.com/file/d/1V7LDTm1mxVe7jC9JpIWg7zS8JtBpkDJU/view?usp=sharing#pembatas1#', '2021-12-25 02:59:16', '11', '44233', '#', 4, 15, '179 MB', 'Y', '(Takt Op. Destiny) ', '2021 Kuartal 4 (Fall)'),
	('61c626b17c265', '[KorekSubs] Takt Op. Destiny - 12 [1080p HEVC 10bits].mkv', 'GoogleDrive#pembatas2#https://drive.google.com/file/d/1xdVmaaQ8QAA6CzFmg9oraWN0UM8cmwea/view?usp=sharing#pembatas1#', '2021-12-25 02:59:45', '12', '44233', '#', 4, 19, '191 MB', 'Y', '(Takt Op. Destiny) ', '2021 Kuartal 4 (Fall)'),
	('61c626ea5272a', '[KorekSubs] Senpai ga Uzai Kouhai no Hanashi - 11 [1080p HEVC 10bits].mkv', 'GoogleDrive#pembatas2#https://drive.google.com/file/d/1FbMfHRU8IeuvNFZVCY_BuHpDl15eVCGp/view?usp=sharing#pembatas1#', '2021-12-25 03:00:42', '11', '43313', '#', 4, 24, '96 MB', 'Y', '(My Senpai is Annoying) (Senpai ga Uzai Kouhai no Hanashi) ', '2021 Kuartal 4 (Fall)'),
	('61c627456d3d2', '[KorekSubs] Shin no Nakama - 11 [1080p HEVC 10bits].mkv', 'GoogleDrive#pembatas2#https://drive.google.com/file/d/1wTJSv9CSljiXy1781e4Uq9nrRU-hvBkT/view?usp=sharing#pembatas1#', '2021-12-25 03:02:13', '11', '44167', '#', 4, 51, '119 MB', 'Y', '(Banished from the Hero\'s Party, I Decided to Live a Quiet Life in the Countryside) (Shin no Nakama ja Nai to Yuusha no Party wo Oidasareta node, Henkyou de Slow Life suru Koto ni Shima) ', '2021 Kuartal 4 (Fall)'),
	('61c6276b44df4', '[KorekSubs] Shin no Nakama - 12 [1080p HEVC 10bits].mkv', 'GoogleDrive#pembatas2#https://drive.google.com/file/d/1wUuRz6bUeP2rsP5t7ltYlq0h8ghGQ4xU/view?usp=sharing#pembatas1#', '2021-12-25 03:02:51', '12', '44167', '#', 4, 71, '143 MB', 'Y', '(Banished from the Hero\'s Party, I Decided to Live a Quiet Life in the Countryside) (Shin no Nakama ja Nai to Yuusha no Party wo Oidasareta node, Henkyou de Slow Life suru Koto ni Shima) ', '2021 Kuartal 4 (Fall)'),
	('61c6279c1c993', '[KorekSubs] Sakugan - 11 [1080p HEVC 10bits].mkv', 'GoogleDrive#pembatas2#https://drive.google.com/file/d/1IVvgYDid-1xrcKw-Y_UKIreNlg0GqabF/view?usp=sharing#pembatas1#', '2021-12-25 03:03:40', '11', '42077', '#', 4, 21, '181 MB', 'Y', '(Sakugan!!) ', '2021 Kuartal 4 (Fall)'),
	('61c627bdc92a1', '[KorekSubs] Sakugan - 12 [1080p HEVC 10bits].mkv', 'GoogleDrive#pembatas2#https://drive.google.com/file/d/1vu0SFS1TqSgqX-6Ktl_Kw0wwET9Rt5vk/view?usp=sharing#pembatas1#', '2021-12-25 03:04:13', '12', '42077', '#', 4, 14, '137 MB', 'Y', '(Sakugan!!) ', '2021 Kuartal 4 (Fall)'),
	('61c6280f93fd7', '[KorekSubs] Platinum End - 11 [1080p HEVC 10bits].mkv', 'GoogleDrive#pembatas2#https://drive.google.com/file/d/1GywuMEE7mQivAuLUygT40J9_tZY_8v5W/view?usp=sharing#pembatas1#', '2021-12-25 03:05:35', '11', '43862', '#', 4, 16, '187 MB', 'Y', '(Platinum End) ', '2021 Kuartal 4 (Fall)'),
	('61c6282d7a2eb', '[KorekSubs] Platinum End - 12 [1080p HEVC 10bits].mkv', 'GoogleDrive#pembatas2#https://drive.google.com/file/d/1NfT-6aXlN663V_zXx0PsY1cqS9m1Hr8B/view?usp=sharing#pembatas1#', '2021-12-25 03:06:05', '12', '43862', '#', 4, 35, '157 MB', 'Y', '(Platinum End) ', '2021 Kuartal 4 (Fall)'),
	('61c8bd49097cb', '[KorekSubs] Komi-san wa, Comyushou desu. - 12 [1080p HEVC 10bits].mkv', 'GoogleDrive#pembatas2#https://drive.google.com/file/d/1mLbDtpPr4F6f3qUa6C0y85Q27b_U97j5/view?usp=sharing#pembatas1#', '2021-12-27 02:06:49', '12', '44551', '#', 4, 65, '152 MB', 'Y', '(Komi Can’t Communicate) (Komi-san wa, Komyushou desu.) ', '2021 Kuartal 4 (Fall)'),
	('61c8bd7654b04', '[KorekSubs] Senpai ga Uzai Kouhai no Hanashi - 12 [1080p HEVC 10bits].mkv', 'GoogleDrive#pembatas2#https://drive.google.com/file/d/18_487YwaJ0ONHgUkUCo5ZcjchprHxlTb/view?usp=sharing#pembatas1#', '2021-12-27 02:07:34', '12', '43313', '#', 4, 48, '183 MB', 'Y', '(My Senpai is Annoying) (Senpai ga Uzai Kouhai no Hanashi) ', '2021 Kuartal 4 (Fall)'),
	('61c8bdc43e720', '[KorekSubs] Juunen Bun no Watashi e [All Nippon Esthetic Association] [HEVC 1080p 10bits].mkv', 'GoogleDrive#pembatas2#https://drive.google.com/file/d/1u2fqCqu4wbXUM02ClGB8AcHYM-oZx48H/view?usp=sharing#pembatas1#', '2021-12-27 02:08:52', '1', '44449', '#', 4, 72, '16 MB', 'Y', '(Juunenbun no Watashi e) ', '2020 Kuartal 4 (Fall)'),
	('61cd113707f26', '[KorekSubs] Shin no Nakama - 13 [1080p HEVC 10bits].mkv', 'GoogleDrive#pembatas2#https://drive.google.com/file/d/12gD9Mh4tqt2aDS9Z3o__ym4xBf1CvZ7q/view?usp=sharing#pembatas1#', '2021-12-30 08:53:59', '13', '44167', '#', 4, 77, '101 MB', 'Y', '(Banished from the Hero\'s Party, I Decided to Live a Quiet Life in the Countryside) (Shin no Nakama ja Nai to Yuusha no Party wo Oidasareta node, Henkyou de Slow Life suru Koto ni Shima) ', '2021 Kuartal 4 (Fall)'),
	('61d4442175485', '[KorekSubs] Blade Runner - Black Lotus - 08 [1080p HEVC 10bits].mkv', 'GoogleDrive#pembatas2#https://drive.google.com/file/d/1NF_ulSJBxx8YcGA-9RtItKzxFOcqTBZM/view?usp=sharing#pembatas1#', '2022-01-04 19:57:05', '08', '41998', '#', 4, 20, '81 MB', 'Y', '(Blade Runner: Black Lotus) ', '2021 Kuartal 4 (Fall)'),
	('61d7da96e197d', '[KorekSubs] Platinum End - 13 [1080p HEVC 10bits].mkv', 'GoogleDrive#pembatas2#https://drive.google.com/file/d/1Qk3cVr5jBI3upcnlMoRxlImZ2t-qK1-w/view?usp=sharing#pembatas1#', '2022-01-07 13:15:50', '13', '43862', '#', 4, 29, '138 MB', 'Y', '(Platinum End) ', '2021 Kuartal 4 (Fall)'),
	('61d87379f0c28', '[Pendekar-Korek] Leadale no Daichi nite - 01 [AVC 1080p, 720p, 480p]', 'MultiLink#pembatas2#https://justpaste.it/5mfve#pembatas1#', '2022-01-08 00:08:09', '01', '44186', '#', 4, 8, '336 MB', 'Y', '(In the Land of Leadale) (Leadale no Daichi nite) ', '2022 Kuartal 1 (Winter)'),
	('61d877111ec66', '[Pendekar-Korek] Leadale no Daichi nite - 01 [1080p HEVC 10bits].mkv', 'GD#pembatas2#https://drive.google.com/file/d/1pqQjHSqXBP9d17W2-bC6oo0kzFZI4plK/view?usp=sharing#pembatas1#MEGA#pembatas2#https://mega.nz/file/Hs9GCRIa#davOXHVhOMBoNcFWcV8m13ItYUAwfPSpNqWETTWo-XA#pembatas1#', '2022-01-08 00:23:29', '01', '44186', '#', 4, 49, '96 MB', 'Y', '(In the Land of Leadale) (Leadale no Daichi nite) ', '2022 Kuartal 1 (Winter)'),
	('61d9abf8a4399', '[KorekSubs] Slow Loop - 01 [1080p HEVC 10bits].mkv', 'GoogleDrive#pembatas2#https://drive.google.com/file/d/13f2zMVqpN4la2e06lFNqB72htgFlzoRc/view?usp=sharing#pembatas1#Mega#pembatas2#https://mega.nz/file/zsdhSCAY#XxHBBFasJ-38jKbWl90uFTJv8twme1n8oA0PA6lSkl8#pembatas1#', '2022-01-08 22:21:28', '01', '44381', '#', 4, 54, '114 MB', 'Y', '(Slow Loop) ', '2022 Kuartal 1 (Winter)'),
	('61daa46b67a09', '[KorekSubs] Akebi-chan no Sailor-fuku - 01 [1080p HEVC 10bits].mkv', 'GoogleDrive#pembatas2#https://drive.google.com/file/d/1CQ1Jwy8N9Xk5cO0QZChKKuwBUbP-hehg/view?usp=sharing#pembatas1#Mega#pembatas2#https://mega.nz/file/C8clnKDa#TVzaxXZK6Gi9QvKjAk0LAAXLkJJ7FenztnoOYD5ynic#pembatas1#', '2022-01-09 16:01:31', '01', '44210', '#', 4, 78, '148 MB', 'Y', '(Akebi\'s Sailor Uniform) (Akebi-chan no Sailor-fuku) ', '2022 Kuartal 1 (Winter)'),
	('61dc942a36dcc', '[KorekSubs] Blade Runner - Black Lotus - 09 [1080p HEVC 10bits].mkv', 'GoogleDrive#pembatas2#https://drive.google.com/file/d/1NYzYskLALJRXhtruVAnUpziUxI53qv0m/view?usp=sharing#pembatas1#Mega#pembatas2#https://mega.nz/file/a0MWjBzI#FWOW_h-m0gtmlCPqjxhijiMoW4U8L25MD61sVajMsTs#pembatas1#', '2022-01-11 03:16:42', '09', '41998', '#', 4, 25, '89 MB', 'Y', '(Blade Runner: Black Lotus) ', '2021 Kuartal 4 (Fall)'),
	('61dc9474a8157', '[KorekSubs] Shuumatsu no Harem - 01 [Uncensored] [1080p HEVC 10bits].mkv', 'GoogleDrive#pembatas2#https://drive.google.com/file/d/1ZZTvD-RVCbK6-dpN6aUkZFqeTXqFLEK2/view?usp=sharing#pembatas1#Mega#pembatas2#https://mega.nz/file/S4UUWRBJ#AoGt42CE_o5DtZfiK-dtCgBITrBB7R7nW2fLgQ8bHOI#pembatas1#', '2022-01-11 03:17:56', '01', '43198', '#', 4, 214, '148 MB', 'Y', '(World\'s End Harem) (Shuumatsu no Harem) ', '2022 Kuartal 1 (Winter)'),
	('61dc94bca84b4', '[KorekSubs] Shikkakumon no Saikyou Kenja - 01 [1080p HEVC 10bits].mkv', 'GoogleDrive#pembatas2#https://drive.google.com/file/d/1m_mh8GgXSI0PbMolGp2-8DLSgvX3eeqF/view?usp=sharing#pembatas1#Mega#pembatas2#https://mega.nz/file/6gNg3TIK#fiI5cyijwE42ouLFzsIyIXXi6qV7vnT0cIVreKa8H7g#pembatas1#', '2022-01-11 03:19:08', '01', '44025', '#', 4, 57, '120 MB', 'Y', '(The Strongest Sage with the Weakest Crest) (Shikkakumon no Saikyou Kenja) ', '2022 Kuartal 1 (Winter)'),
	('61ddc916352c6', '[Pendekar-Korek] Shingeki no Kyojin (The Final Season) Part 2 - 01 [480p, 720p, 1080p].mkv', 'MultiLink#pembatas2#https://pendekarsubs.us/shingeki-no-kyojin-the-final-season-part-2-episode-01-subtitle-indonesia/#pembatas1#', '2022-01-12 01:14:46', '01', '44240', '#', 4, 6, '749 MB', 'Y', '(Attack on Titan The Final Season Part 2) (Shingeki no Kyojin The Final Season Part 2) ', '2022 Kuartal 1 (Winter)'),
	('61ddc95d0a139', '[Pendekar-Korek] Shingeki no Kyojin - The Final Season Part 2 - 01 [1080p HEVC 10bits].mkv', 'GoogleDrive#pembatas2#https://drive.google.com/file/d/1gC-OecXwXcA2npO1pS4QtzWCQ3cpMmej/view?usp=sharing#pembatas1#Mega#pembatas2#https://mega.nz/file/K1UwnJaT#Zc2Ci29O-CoVDQQgWYlUXQEeFXkw4kWCKgKKFEYp-xQ#pembatas1#', '2022-01-12 01:15:57', '01', '44240', '#', 4, 17, '216 MB', 'Y', '(Attack on Titan The Final Season Part 2) (Shingeki no Kyojin The Final Season Part 2) ', '2022 Kuartal 1 (Winter)');
/*!40000 ALTER TABLE `tbl_file` ENABLE KEYS */;

-- Dumping structure for table u367944650_18a3.tbl_sinopsis
CREATE TABLE IF NOT EXISTS `tbl_sinopsis` (
  `anime_id` varchar(50) COLLATE utf8_unicode_ci DEFAULT NULL,
  `sinopsis` text COLLATE utf8_unicode_ci DEFAULT NULL
) ENGINE=InnoDB DEFAULT CHARSET=utf8 COLLATE=utf8_unicode_ci;

-- Dumping data for table u367944650_18a3.tbl_sinopsis: ~16 rows (approximately)
DELETE FROM `tbl_sinopsis`;
/*!40000 ALTER TABLE `tbl_sinopsis` DISABLE KEYS */;
INSERT INTO `tbl_sinopsis` (`anime_id`, `sinopsis`) VALUES
	('44167', 'Seorang petualang yang hebat punya cita-cita untuk membuka toko obat? Red yang pernah menjadi anggota tim Pahlawan, kelompok kuat yang ditakdirkan untuk menyelamatkan dunia dari kekuatan jahat Taraxon, Raja Iblis. Begitulah, sampai salah satu rekannya mengusirnya. Berharap untuk menjalani kehidupan yang santai di perbatasan, tujuan baru Red adalah membuka toko obat. Namun, menjaga rahasia kehidupan sebelumnya mungkin tidak segampang yang dia duga. Cerita menjadi lebih seru ketika si cantik Rit, seorang petualang dari masa lalunya, datang ke kota Zoltan dan meminta untuk tinggal bersamanya! (Sumber: Yen Press)'),
	('42077', 'Jauh di masa depan, manusia didorong ke dalam dunia bawah tanah yang disebut Labirin dan mereka hidup bahu-membahu. Labirin memiliki beberapa koloni dengan pengaturan yang parah seperti satu memiliki suhu yang sangat tinggi, sementara yang lain penuh dengan emas dan perak. Di antara mereka, di sebuah koloni Pinyin, tinggal seorang gadis berusia sembilan tahun yang penuh rasa ingin tahu bernama Memempuu, dan ayahnya bernama Gagumber. Sebagai "worker" yang bertujuan untuk bertahan hidup, mereka hidup dengan profesi terendah mengendarai robot yang bekerja untuk menggali bijih material tambang. Suatu hari, Memempuu terdorong oleh mimpinya yang selalu menghantuinya agar menemukan suatu tempat. Sebagai "marker", Gaganbar memegang profesi paling berbahaya. Satu langkah di luar koloni sudah dianggap sebagai area berbahaya dan bertemu dengan makhluk misterius besar yang berkeliaran di gua, peluang hidup seseorang akan berkurang hingga lima persen. Pekerjaan berbahaya untuk menjelajahi dunia yang tidak dikenal. Apakah kebenaran kejam yang tersembunyi di balik kisah mereka? Apa yang menunggu di akhir cerita? Dalam kisah perjalanan antara ayah dan anak ini mengelilingi labirin. '),
	('45065', 'Menceritakan kisah kebangkitan dan keruntuhan klan Taira selama Perang Genpei. Anime ini berpusat pada perspektif Biwa, seorang pemain alat musik biwa yang memiliki mata terusan yang bisa menerawang masa depan. Biwa bertemu Taira no Shigemori, pewaris klannya, dan memiliki pemandangan supernatural yang dapat melihat hantu. Biwa kemudian menyatakan kepada Shigemori tentang ramalan runtuhnya klannya.'),
	('43862', 'Saat teman-teman sekelasnya merayakan kelulusan SMP mereka, Mirai, seorang anak yang sering dibully dan disisa keluarganya, berniat untuk bunuh diri dari atas gedung. Namun dia diselamatkan oleh malaikat dengan diberi Panah Cupid, Panah Pembunuh, dan Sayap Malaikat. Namun sayangnya pemberian itu tidaklah untuk cuma-cuma. Mirai harus rela diadu melawan 12 manusia terpilih lainnya dalam pertempuran di mana pemenangnya menjadi Tuhan yang berikutnya. Perjuangan Mirai baru saja dimulai untuk meraih kebahagiaan.'),
	('43888', 'Mengisahkan tentang Yatora, si murid SMA nakal namun rajin dan mendapat nilai bagus di sekolah. Yatora adalah orang yang cerdas dan pandai berusaha. Di setiap ujian, dia selalu mendapat nilai bagus sehingga dia berencana untuk masuk ke universitas sains yang memiliki prospek menjanjikan. Namun, suatu hari dia melihat sebuah lukisan dari seniornya bernama Mori. Semenjak itu, dia mulai jatuh cinta pada seni lukis, dan akhirnya setelah berpikir keras ia memutuskan untuk masuk ke dunia seni lukis. Namun dunia seni tidak semudah yang dia bayangkan, selama satu setengah tahun dia berjuang untuk berlatih melukis dan akhirnya bersaing mendapatkan kursi perguruan tinggi di Universitas Seni Tokyo, karena orang tuanya tidak mampu membiayai sekolah seni swasta yang mahal.'),
	('44977', 'Diumumkan di Twitter Yom, adaptasi anime web dari Ganbare, Douki-chan. Diceritakan seorang wanita kantoran, Douki-chan, yang bekerja dengan Douki-kun di sebuah kantor. Tanpa sepengetahuan Douki-kun, Douki-chan diam-diam memiliki perasaan padanya. Saat Douki-chan berjuang untuk menyatakan perasaannya, saingannya, baik kohai dan senpai, terus mengganggu untuk mendapatkan kasih sayang Douki-kun.'),
	('44233', 'Musik adalah cahaya yang menerangi hati orang-- dan "cahaya" itu tiba-tiba diambil dari dunia. Dunia berubah seketika saat malam "Meteor Hitam Malam" jatuh ke Bumi. Monster aneh yang dikenal sebagai D2 muncul dari meteorit itu dan mulai menyerbu negara-negara dan populasi manusia. Karena D2 tertarik pada melodi yang dimainkan manusia, akhirnya "musik" itu sendiri menjadi tabu. Namun, makhluk yang menjadi antitesis dari D2 muncul. Mereka adalah "MusicArt", gadis-gadis yang terlahir dari musik. Mereka memiliki kekuatan untuk untuk mengalahkan D2. (Sumber: Crunchyroll Diubah Oleh Widibaka)'),
	('43198', 'The Man-Killer Virus: penyakit mematikan yang telah memusnahkan 99,9% populasi pria dunia. Mizuhara Reito telah tidur kriogenik selama lima tahun terakhir demi pengobatan penyakit sklerosis sel yang ia derita, meninggalkan Tachibana Erisa, gadis pujaan hatinya. Ketika Reito terbangun dari tidur kriogenik, dia muncul ke dunia baru yang gila seks di mana dia sendiri adalah sumber daya paling berharga di planet bumi. Reito dan empat pria lainnya dijamin kehidupannya demi satu misi sederhana: mengisi kembali dunia dengan menghamili sebanyak mungkin wanita! Namun, yang diinginkan Reito hanyalah menemukan Erisa yang ia cintai yang hilang tiga tahun lalu. Bisakah Reito menahan godaan dan menemukan cinta sejatinya? (Sumber: Seven Seas Entertainment)'),
	('43313', 'Pekerjaan baru Igarashi Futaba akan sangat bagus jika senpainya, Takeda Harumi, tidak terlalu menyebalkan! Futaba membenci tawanya, dia membenci badannya yang terlalu besar, dan dia benar-benar benci bahwa dia memperlakukannya seperti anak kecil. Hanya karena Futuba pendek dan terlihat seperti anak SD, bukan berarti sifatnya juga kekanak-kanakan, dan hanya karena dia selalu bersama Takeda, bukan berarti dia diam-diam ada rasa dengan Takeda ... Benarkah begitu?! \r\n<br><br>\r\nInilah kisah Futaba yang tsundere.'),
	('41998', 'Los Angeles 2032. Seorang wanita muda bangun tanpa ingatan dan memiliki keterampilan mematikan. Satu-satunya petunjuk untuk misterinya adalah perangkat kamera dengan data yang terkunci dan tato teratai hitam. Petunjuk membimbingnya, dia harus mengejar orang-orang yang bertanggung jawab atas masa lalunya yang brutal dan berdarah untuk menemukan kebenaran identitasnya yang hilang. (Sumber: Crunchyroll)'),
	('44551', 'Di sekolah SMA yang penuh dengan murid-murid dengan karakter unik, Tadano membantu teman sekelasnya yang pemalu dan sulit bersosialisasi, Komi, mencapai tujuannya untuk berteman dengan 100 orang. “Comyushou” adalah kondisi di mana seseorang sulit bersosialisasi. Ini juga merujuk pada seseorang yang menderita kondisi tersebut. Namun perlu dicatat bahwa hanya karena sulit, bukan berarti tidak ingin berinteraksi dengan orang lain.'),
	('44186', 'Awal baru di daratan yang familiar baginya. Setelah kecelakaan yang mengerikan membuatnya harus memakai alat bantu kehidupan, satu-satunya kebebasan yang dimiliki Keina Kagami hanya di Dunia VRMMORPG Leadale. Saat Keina terbangun dari tidurnya, tiba-tiba dia berada di dalam gim dengan penampilan seperti avatar miliknya di dalam Leadale. Bagaimana bisa dia berakhir di tempat yang seperti dalam gim?'),
	('44381', 'Ketika Hiyori⁠—seorang pemudi yang hobi memancing⁠ karena diajari oleh mendiang ayahnya—berangkat ke laut sendirian, dia tidak menduga akan bertemu gadis lain di sana. Setelah beberapa saat, dia dan gadis bernama Koharu⁠ itu akhirnya memancing dan membuat sashimi bersama, dan mereka pun mulai saling mengenal. Tak lama, Koharu diberitahu bahwa alasan Hiyori memancing hari itu adalah karena dia cemas akan bertemu keluarga tiri barunya nanti malam. Tapi sungguh kebetulan! Koharu juga bertemu keluarga barunya malam itu! Ternyata eh ternyata calon suami ibu Hiyori adalah ayahnya Koharu! Dan calon istri ayahnya Koharu adalah ibunya Hiyori! Pokoknya kisah mengharukan namun mengasyikan mereka sayang untuk dilewatkan. (Sumber: Tagame Scans Diubah Widibaka)'),
	('44210', 'Robai Private Academy adalah SMP perempuan pertama yang terkenal di suatu pedesaan. Akebi Komichi adalah seorang gadis yang bermimpi mengenakan seragam pelaut di Akademi Robai. Mimpinya menjadi kenyataan, dan jantungnya berdebar kencang saat hari upacara penerimaan sekolah tiba. Dan ternyata sekolah itu tidak lagi menerapkan seragam pelaut, tapi blazer. Komichi merasa galau, tapi tak lama. Dengan hati yang tertuju pada seragam pelaut barunya, Komichi memulai kehidupan SMP yang ia dambakan dengan penuh percaya diri dan senyuman. Komichi melalui hari-hari yang penuh dengan pengalaman pertama, teman sekelas, makan siang di sekolah, kegiatan klub, dan banyak lagi. (Sumber: Crunchyroll Diedit oleh Widibaka)'),
	('44025', 'Orang Suci terkuat di dunia tidak berhenti mencari kekuatan, bahkan setelah reinkarnasi! Tapi setelah reinkarnasi, hidupnya berjalan lebih baik dari yang dia duga, Matthias mendarat di dunia di mana hanya sihir bermantra ucapan yang diakui, sementara sihir tanpa mantra tidak diakui. Sekarang saat baginya untuk membuktikan kebenaran kepada semua orang! (Sumber: Square Enix)'),
	('44240', 'Perang untuk Paradis mengerucut di Shiganshina, sementara Jaegerist telah menguasai kekuatan militer. Setelah menerima pukulan telak dari serangan dadakan yang dipimpin oleh Eren, Marley dengan cepat bertindak untuk membalas dendam. Dengan terungkapnya rencana Zeke yang sebenarnya dan militer dipaksa tunduk di bawah aturan baru, pertempuran ini mungkin terjadi di dua kubu. Apakah Eren berniat memenuhi keinginan saudara tirinya atau dia punya rencana sendiri? (Sumber: Funimation)');
/*!40000 ALTER TABLE `tbl_sinopsis` ENABLE KEYS */;

-- Dumping structure for table u367944650_18a3.tbl_user
CREATE TABLE IF NOT EXISTS `tbl_user` (
  `id_user` int(11) NOT NULL AUTO_INCREMENT,
  `email` varchar(200) COLLATE utf8_unicode_ci DEFAULT '',
  `name` varchar(200) COLLATE utf8_unicode_ci DEFAULT '',
  `waktu_daftar` datetime DEFAULT NULL,
  `diblokir` enum('0','1') COLLATE utf8_unicode_ci DEFAULT '0',
  PRIMARY KEY (`id_user`)
) ENGINE=InnoDB AUTO_INCREMENT=6200 DEFAULT CHARSET=utf8 COLLATE=utf8_unicode_ci;

-- Dumping data for table u367944650_18a3.tbl_user: ~2 rows (approximately)
DELETE FROM `tbl_user`;
/*!40000 ALTER TABLE `tbl_user` DISABLE KEYS */;
INSERT INTO `tbl_user` (`id_user`, `email`, `name`, `waktu_daftar`, `diblokir`) VALUES
	(4, 'widi.udb@gmail.com', 'widi baka', '2021-10-10 12:37:06', '0'),
	(61, 'akunhitam2019@gmail.com', 'AH JP', '2021-11-29 13:11:28', '0'),
	(616, 'ruhanagil.ama@gmail.com', 'Ruhan Agil', '2021-10-17 01:35:29', '0'),
	(617, 'widi_dwi@fikom.udb.ac.id', 'WIDI DWI NURCAHYO', '2021-10-29 00:27:07', '1'),
	(6171, 'widibaka55@gmail.com', 'widi baka', '2021-10-22 00:59:17', '1'),
	(6199, 'kazumatv785@gmail.com', 'Kazuma TV', '2021-11-21 14:44:22', '0');
/*!40000 ALTER TABLE `tbl_user` ENABLE KEYS */;

/*!40101 SET SQL_MODE=IFNULL(@OLD_SQL_MODE, '') */;
/*!40014 SET FOREIGN_KEY_CHECKS=IFNULL(@OLD_FOREIGN_KEY_CHECKS, 1) */;
/*!40101 SET CHARACTER_SET_CLIENT=@OLD_CHARACTER_SET_CLIENT */;
/*!40111 SET SQL_NOTES=IFNULL(@OLD_SQL_NOTES, 1) */;
